{"cameraMode":{"drawMode":0,"name":"Shaded","section":"Shading Mode"},"sceneLighting":true,"audioPlay":false,"sceneViewState":{"showFog":true,"showMaterialUpdate":false,"showSkybox":true,"showFlares":true,"showImageEffects":true,"showParticleSystems":true},"in2DMode":false,"pivot":{"x":410.5727233886719,"y":651.7894287109375,"z":265.1528015136719},"rotation":{"x":0.22834248840808869,"y":0.34071019291877749,"z":-0.0857158899307251,"w":0.9083158373832703},"size":48.008968353271487,"orthographic":false}